<?xml version="1.0" encoding="UTF-8"?>
<office:document-meta xmlns:grddl="http://www.w3.org/2003/g/data-view#" xmlns:meta="urn:oasis:names:tc:opendocument:xmlns:meta:1.0" xmlns:dc="http://purl.org/dc/elements/1.1/" xmlns:xlink="http://www.w3.org/1999/xlink" xmlns:ooo="http://openoffice.org/2004/office" xmlns:office="urn:oasis:names:tc:opendocument:xmlns:office:1.0" office:version="1.4"><office:meta><meta:creation-date>2025-03-21T00:01:24.677932782</meta:creation-date><meta:editing-duration>PT35S</meta:editing-duration><meta:editing-cycles>2</meta:editing-cycles><meta:generator>LibreOffice/25.2.1.2$Linux_X86_64 LibreOffice_project/520$Build-2</meta:generator><dc:date>2025-03-21T00:01:59.376312131</dc:date><meta:document-statistic meta:table-count="0" meta:image-count="0" meta:object-count="0" meta:page-count="1" meta:paragraph-count="4" meta:word-count="25" meta:character-count="126" meta:non-whitespace-character-count="105"/></office:meta></office:document-meta>